Time,IFN,IFN_env,STAT,STATP,IRF7
0.25,8.71912,NaN,95.47745,13.7905,17.08745
0.5,9.10086,NaN,105.97,10.9889,17.06075
1,9.037225,NaN,97.25505,11.85655,16.1964
1.5,8.317835,NaN,100.6199,13.24865,15.7369
2,8.01151,NaN,89.71275,11.5924,17.4031
4,8.28878,NaN,75.9189,15.4068,15.0839
6,7.91438,NaN,75.93485,13.7504,14.61125
8,8.78306,NaN,91.40955,13.97505,14.7304
12,8.623305,NaN,83.6992,14.20375,15.13215
18,8.88823,NaN,90.48305,13.6471,14.63085
