Time,TLR7,DDX58,IFNB1,STAT1,IRF7
0.25,6.05304,19.4298,8.71912,95.47745,17.08745
0.5,6.310945,29.71815,9.10086,105.97,17.06075
1,6.62791,26.54565,9.037225,97.25505,16.1964
1.5,6.53952,24.42165,8.317835,100.6199,15.7369
2,5.880185,19.08855,8.01151,89.71275,17.4031
4,7.685255,13.7198,8.28878,75.9189,15.0839
6,6.51847,12.07075,7.91438,75.93485,14.61125
8,6.152785,15.2894,8.78306,91.40955,14.7304
12,5.95253,15.32055,8.623305,83.6992,15.13215
18,6.094815,17.7524,8.88823,90.48305,14.63085
