Experiment,Time,PR8,dNS1PR8
1,12,0.06197264,0.000447713
1,24,1,0.039810717
