Experiment,Time,PR8
1,3,0.004314708
1,6,0.006452214
1,9,0.042193225
1,12,0.133725303
1,24,1
