Experiment,Time,PR8,dNS1PR8
1,12,67826.5926,490.0044228
1,24,1094460.268,43571.24805
