Experiment,Time,IFN,IFN_env,STATP,IRF7
1,0.25,-0.170016009,-,-0.106438077,-0.165135747
1,0.5,-0.118203281,-,0.592404726,0.077195607
1,1,0.05301579,-,0.063171663,0.195450439
1,1.5,-0.053338157,-,0.097966388,0.069267389
1,2,-0.037607163,-,0.128595879,-0.107635965
1,4,4.178351246,-,0.619544268,0.192838148
1,6,5.026230784,-,5.459531528,2.479928434
1,8,4.525593193,-,7.513498578,3.898879758
1,12,4.936623104,-,8.067509733,4.871285595
1,18,3.489196799,-,8.478829498,5.104384701
