Experiment,Time,dNS1
1,12,0.000448
1,24,0.039811
